start	r1	ReplicatedPartFetches	3069
start	r1	ReplicatedPartMerges	1729
start	r1	InsertedRows	4164217
start	r1	ZooKeeperInit	47
start	r1	ZooKeeperTransactions	144978
start	r1	ZooKeeperList	38492
start	r1	ZooKeeperCreate	408
start	r1	ZooKeeperRemove	9004
start	r1	ZooKeeperExists	7660
start	r1	ZooKeeperGet	42104
start	r1	ZooKeeperSet	88
start	r1	ZooKeeperMulti	47188
start	r1	ZooKeeperMultiRead	11553
start	r1	ZooKeeperMultiWrite	35635
start	r1	ZooKeeperSync	34
start	r1	ZooKeeperClose	46
start	r1	ZooKeeperWatchResponse	8412
start	r1	ZooKeeperWatchCallbackDurationMicroseconds	854666
start	r1	ZooKeeperWatchTriggeredOther	28
start	r1	ZooKeeperWatchTriggeredReplicatedMergeTreeLog	8452
start	r1	ZooKeeperWatchTriggeredReplicatedMergeTreeMutations	110
start	r1	ZooKeeperWatchTriggeredDistributedDDL	40
start	r1	ZooKeeperHardwareExceptions	474
start	r1	ZooKeeperOtherExceptions	2
start	r1	ZooKeeperWaitMicroseconds	1947643577
start	r1	ZooKeeperBytesSent	28802473
start	r1	ZooKeeperBytesReceived	94457131
start	r1	MergedRows	735907839
start	r1	UserTimeMicroseconds	257038547
start	r1	SystemTimeMicroseconds	147110440
start	r1	OSCPUVirtualTimeMicroseconds	404124919
start	r1	S3ReadMicroseconds	89093652
start	r1	S3ReadRequestsCount	31242
start	r1	S3WriteMicroseconds	358804864
start	r1	S3WriteRequestsCount	1739
start	r1	S3WriteRequestsErrors	169
start	r1	S3WriteRequestAttempts	1570
start	r1	DiskS3ReadMicroseconds	9202842
start	r1	DiskS3ReadRequestsCount	4132
start	r1	DiskS3WriteMicroseconds	358804864
start	r1	DiskS3WriteRequestsCount	1739
start	r1	DiskS3WriteRequestsErrors	169
start	r1	DiskS3WriteRequestAttempts	1570
start	r1	S3DeleteObjects	43
start	r1	S3HeadObject	13555
start	r1	S3PutObject	1527
start	r1	S3GetObject	17687
start	r1	DiskS3DeleteObjects	43
start	r1	DiskS3PutObject	1527
start	r1	DiskS3GetObject	4132
start	r1	S3Clients	2862
start	r2	ReplicatedPartFetches	32
start	r2	ReplicatedPartMerges	4
start	r2	InsertedRows	30612
start	r2	ZooKeeperInit	1
start	r2	ZooKeeperTransactions	2740
start	r2	ZooKeeperList	639
start	r2	ZooKeeperCreate	210
start	r2	ZooKeeperRemove	279
start	r2	ZooKeeperExists	328
start	r2	ZooKeeperGet	488
start	r2	ZooKeeperSet	15
start	r2	ZooKeeperMulti	767
start	r2	ZooKeeperMultiRead	114
start	r2	ZooKeeperMultiWrite	653
start	r2	ZooKeeperSync	14
start	r2	ZooKeeperWatchResponse	31
start	r2	ZooKeeperWatchCallbackDurationMicroseconds	600
start	r2	ZooKeeperWatchTriggeredReplicatedMergeTreeLog	24
start	r2	ZooKeeperWatchTriggeredReplicatedMergeTreeMutations	7
start	r2	ZooKeeperWaitMicroseconds	29904037
start	r2	ZooKeeperBytesSent	1980411
start	r2	ZooKeeperBytesReceived	1843365
start	r2	MergedRows	395470
start	r2	UserTimeMicroseconds	1831414
start	r2	SystemTimeMicroseconds	507934
start	r2	OSCPUVirtualTimeMicroseconds	2333170
start	r2	S3ReadMicroseconds	4342975
start	r2	S3ReadRequestsCount	1347
start	r2	S3WriteMicroseconds	30071328
start	r2	S3WriteRequestsCount	1410
start	r2	S3WriteRequestsErrors	1
start	r2	S3WriteRequestAttempts	1409
start	r2	DiskS3ReadMicroseconds	4342975
start	r2	DiskS3ReadRequestsCount	1347
start	r2	DiskS3WriteMicroseconds	30071328
start	r2	DiskS3WriteRequestsCount	1410
start	r2	DiskS3WriteRequestsErrors	1
start	r2	DiskS3WriteRequestAttempts	1409
start	r2	S3DeleteObjects	50
start	r2	S3PutObject	1359
start	r2	S3GetObject	1347
start	r2	DiskS3DeleteObjects	50
start	r2	DiskS3PutObject	1359
start	r2	DiskS3GetObject	1347
start	r2	S3Clients	2
end	r1	ReplicatedPartFetches	3384
end	r1	ReplicatedPartMerges	1831
end	r1	InsertedRows	1519157
end	r1	ZooKeeperInit	10
end	r1	ZooKeeperTransactions	138537
end	r1	ZooKeeperList	37612
end	r1	ZooKeeperCreate	105
end	r1	ZooKeeperRemove	8298
end	r1	ZooKeeperExists	6823
end	r1	ZooKeeperGet	41232
end	r1	ZooKeeperSet	10
end	r1	ZooKeeperMulti	44457
end	r1	ZooKeeperMultiRead	11240
end	r1	ZooKeeperMultiWrite	33217
end	r1	ZooKeeperClose	9
end	r1	ZooKeeperWatchResponse	7638
end	r1	ZooKeeperWatchCallbackDurationMicroseconds	446176
end	r1	ZooKeeperWatchTriggeredOther	35
end	r1	ZooKeeperWatchTriggeredReplicatedMergeTreeLog	7650
end	r1	ZooKeeperWatchTriggeredReplicatedMergeTreeMutations	63
end	r1	ZooKeeperWatchTriggeredDistributedDDL	9
end	r1	ZooKeeperHardwareExceptions	289
end	r1	ZooKeeperOtherExceptions	2
end	r1	ZooKeeperWaitMicroseconds	1302549531
end	r1	ZooKeeperBytesSent	27593788
end	r1	ZooKeeperBytesReceived	55974403
end	r1	MergedRows	85256524
end	r1	UserTimeMicroseconds	187423063
end	r1	SystemTimeMicroseconds	29500644
end	r1	OSCPUVirtualTimeMicroseconds	216935533
end	r1	S3ReadMicroseconds	58688137
end	r1	S3ReadRequestsCount	27318
end	r1	S3WriteMicroseconds	11878900
end	r1	S3WriteRequestsCount	840
end	r1	S3WriteRequestAttempts	840
end	r1	DiskS3ReadMicroseconds	4835147
end	r1	DiskS3ReadRequestsCount	2150
end	r1	DiskS3WriteMicroseconds	11878900
end	r1	DiskS3WriteRequestsCount	840
end	r1	DiskS3WriteRequestAttempts	840
end	r1	S3DeleteObjects	5
end	r1	S3HeadObject	12584
end	r1	S3PutObject	835
end	r1	S3GetObject	14734
end	r1	DiskS3DeleteObjects	5
end	r1	DiskS3PutObject	835
end	r1	DiskS3GetObject	2150
end	r1	S3Clients	2571
end	r2	ReplicatedPartFetches	2259
end	r2	ReplicatedPartMerges	1668
end	r2	InsertedRows	1586186
end	r2	ZooKeeperInit	9
end	r2	ZooKeeperTransactions	120923
end	r2	ZooKeeperList	32263
end	r2	ZooKeeperCreate	105
end	r2	ZooKeeperRemove	7450
end	r2	ZooKeeperExists	6120
end	r2	ZooKeeperGet	35207
end	r2	ZooKeeperSet	9
end	r2	ZooKeeperMulti	39769
end	r2	ZooKeeperMultiRead	9485
end	r2	ZooKeeperMultiWrite	30284
end	r2	ZooKeeperClose	8
end	r2	ZooKeeperWatchResponse	6849
end	r2	ZooKeeperWatchCallbackDurationMicroseconds	367969
end	r2	ZooKeeperWatchTriggeredOther	28
end	r2	ZooKeeperWatchTriggeredReplicatedMergeTreeLog	6868
end	r2	ZooKeeperWatchTriggeredReplicatedMergeTreeMutations	56
end	r2	ZooKeeperWatchTriggeredDistributedDDL	8
end	r2	ZooKeeperHardwareExceptions	292
end	r2	ZooKeeperWaitMicroseconds	1099845776
end	r2	ZooKeeperBytesSent	24948691
end	r2	ZooKeeperBytesReceived	52003580
end	r2	MergedRows	78701174
end	r2	UserTimeMicroseconds	191390888
end	r2	SystemTimeMicroseconds	30520679
end	r2	OSCPUVirtualTimeMicroseconds	221908207
end	r2	S3ReadMicroseconds	64479127
end	r2	S3ReadRequestsCount	27921
end	r2	S3WriteMicroseconds	11841978
end	r2	S3WriteRequestsCount	840
end	r2	S3WriteRequestAttempts	840
end	r2	DiskS3ReadMicroseconds	4869464
end	r2	DiskS3ReadRequestsCount	1837
end	r2	DiskS3WriteMicroseconds	11841978
end	r2	DiskS3WriteRequestsCount	840
end	r2	DiskS3WriteRequestAttempts	840
end	r2	S3DeleteObjects	5
end	r2	S3HeadObject	13042
end	r2	S3PutObject	835
end	r2	S3GetObject	14879
end	r2	DiskS3DeleteObjects	5
end	r2	DiskS3PutObject	835
end	r2	DiskS3GetObject	1837
end	r2	S3Clients	3079
