start	k1	zk_version	v26.10.1.618-testing-596f844fb392010d96a8a235a3275a002ee7ca38
start	k1	zk_avg_latency	12
start	k1	zk_max_latency	28109
start	k1	zk_min_latency	0
start	k1	zk_packets_received	72516
start	k1	zk_packets_sent	76744
start	k1	zk_num_alive_connections	0
start	k1	zk_outstanding_requests	0
start	k1	zk_server_state	follower
start	k1	zk_slow_member_backpressure	0
start	k1	zk_znode_count	431
start	k1	zk_watch_count	0
start	k1	zk_ephemerals_count	16
start	k1	zk_approximate_data_size	125622
start	k1	zk_key_arena_size	0
start	k1	zk_latest_snapshot_size	596
start	k1	zk_open_file_descriptor_count	61
start	k1	zk_max_file_descriptor_count	20000
start	k2	zk_version	v26.10.1.618-testing-596f844fb392010d96a8a235a3275a002ee7ca38
start	k2	zk_avg_latency	14
start	k2	zk_max_latency	6289
start	k2	zk_min_latency	0
start	k2	zk_packets_received	4227
start	k2	zk_packets_sent	4304
start	k2	zk_num_alive_connections	1
start	k2	zk_outstanding_requests	0
start	k2	zk_server_state	follower
start	k2	zk_slow_member_backpressure	0
start	k2	zk_znode_count	431
start	k2	zk_watch_count	15
start	k2	zk_ephemerals_count	16
start	k2	zk_approximate_data_size	125622
start	k2	zk_key_arena_size	0
start	k2	zk_latest_snapshot_size	596
start	k2	zk_open_file_descriptor_count	65
start	k2	zk_max_file_descriptor_count	20000
start	k3	zk_version	v26.10.1.618-testing-596f844fb392010d96a8a235a3275a002ee7ca38
start	k3	zk_avg_latency	17
start	k3	zk_max_latency	6274
start	k3	zk_min_latency	0
start	k3	zk_packets_received	14272
start	k3	zk_packets_sent	15025
start	k3	zk_num_alive_connections	1
start	k3	zk_outstanding_requests	0
start	k3	zk_server_state	leader
start	k3	zk_slow_member_backpressure	0
start	k3	zk_znode_count	431
start	k3	zk_watch_count	15
start	k3	zk_ephemerals_count	16
start	k3	zk_approximate_data_size	125622
start	k3	zk_key_arena_size	0
start	k3	zk_latest_snapshot_size	596
start	k3	zk_open_file_descriptor_count	65
start	k3	zk_max_file_descriptor_count	20000
start	k3	zk_leader_uptime	556919
start	k3	zk_sum_leader_unavailable_time	501
start	k3	zk_cnt_leader_unavailable_time	1
start	k3	zk_sum_election_time	218
start	k3	zk_cnt_election_time	2
start	k3	zk_learners	2
start	k3	zk_followers	2
start	k3	zk_synced_followers	2
start	k3	zk_synced_non_voting_followers	0
end	k1	zk_version	v26.10.1.618-testing-596f844fb392010d96a8a235a3275a002ee7ca38
end	k1	zk_avg_latency	8
end	k1	zk_max_latency	28109
end	k1	zk_min_latency	0
end	k1	zk_packets_received	218217
end	k1	zk_packets_sent	230834
end	k1	zk_num_alive_connections	1
end	k1	zk_outstanding_requests	0
end	k1	zk_server_state	leader
end	k1	zk_slow_member_backpressure	0
end	k1	zk_znode_count	8249
end	k1	zk_watch_count	15
end	k1	zk_ephemerals_count	16
end	k1	zk_approximate_data_size	2545402
end	k1	zk_key_arena_size	0
end	k1	zk_latest_snapshot_size	184413
end	k1	zk_open_file_descriptor_count	64
end	k1	zk_max_file_descriptor_count	20000
end	k1	zk_leader_uptime	198367
end	k1	zk_sum_leader_unavailable_time	59558
end	k1	zk_cnt_leader_unavailable_time	7
end	k1	zk_sum_election_time	100072
end	k1	zk_cnt_election_time	9
end	k1	zk_learners	2
end	k1	zk_followers	2
end	k1	zk_synced_followers	2
end	k1	zk_synced_non_voting_followers	0
end	k2	zk_version	v26.10.1.618-testing-596f844fb392010d96a8a235a3275a002ee7ca38
end	k2	zk_avg_latency	0
end	k2	zk_max_latency	0
end	k2	zk_min_latency	0
end	k2	zk_packets_received	0
end	k2	zk_packets_sent	0
end	k2	zk_num_alive_connections	0
end	k2	zk_outstanding_requests	0
end	k2	zk_server_state	follower
end	k2	zk_slow_member_backpressure	0
end	k2	zk_znode_count	8249
end	k2	zk_watch_count	0
end	k2	zk_ephemerals_count	16
end	k2	zk_approximate_data_size	2545402
end	k2	zk_key_arena_size	0
end	k2	zk_latest_snapshot_size	184413
end	k2	zk_open_file_descriptor_count	58
end	k2	zk_max_file_descriptor_count	20000
end	k3	zk_version	v26.10.1.618-testing-596f844fb392010d96a8a235a3275a002ee7ca38
end	k3	zk_avg_latency	4
end	k3	zk_max_latency	8015
end	k3	zk_min_latency	0
end	k3	zk_packets_received	15723
end	k3	zk_packets_sent	16599
end	k3	zk_num_alive_connections	1
end	k3	zk_outstanding_requests	0
end	k3	zk_server_state	follower
end	k3	zk_slow_member_backpressure	0
end	k3	zk_znode_count	8249
end	k3	zk_watch_count	15
end	k3	zk_ephemerals_count	16
end	k3	zk_approximate_data_size	2545402
end	k3	zk_key_arena_size	0
end	k3	zk_latest_snapshot_size	184413
end	k3	zk_open_file_descriptor_count	63
end	k3	zk_max_file_descriptor_count	20000
