start	r1	ReplicatedPartFetches	1089
start	r1	ReplicatedPartMerges	475
start	r1	InsertedRows	2659128
start	r1	ZooKeeperInit	39
start	r1	ZooKeeperTransactions	40082
start	r1	ZooKeeperList	10599
start	r1	ZooKeeperCreate	260
start	r1	ZooKeeperRemove	2832
start	r1	ZooKeeperExists	2501
start	r1	ZooKeeperGet	11644
start	r1	ZooKeeperSet	62
start	r1	ZooKeeperMulti	12168
start	r1	ZooKeeperMultiRead	3355
start	r1	ZooKeeperMultiWrite	8813
start	r1	ZooKeeperSync	16
start	r1	ZooKeeperClose	38
start	r1	ZooKeeperWatchResponse	2286
start	r1	ZooKeeperWatchCallbackDurationMicroseconds	111828
start	r1	ZooKeeperWatchTriggeredOther	4
start	r1	ZooKeeperWatchTriggeredReplicatedMergeTreeLog	2310
start	r1	ZooKeeperWatchTriggeredReplicatedMergeTreeMutations	45
start	r1	ZooKeeperWatchTriggeredDistributedDDL	32
start	r1	ZooKeeperHardwareExceptions	200
start	r1	ZooKeeperOtherExceptions	1
start	r1	ZooKeeperWaitMicroseconds	918399799
start	r1	ZooKeeperBytesSent	7506671
start	r1	ZooKeeperBytesReceived	49347110
start	r1	MergedRows	687207812
start	r1	UserTimeMicroseconds	78722096
start	r1	SystemTimeMicroseconds	12982145
start	r1	OSCPUVirtualTimeMicroseconds	91710942
start	r1	S3ReadMicroseconds	754328
start	r1	S3ReadRequestsCount	522
start	r1	S3WriteMicroseconds	3740511
start	r1	S3WriteRequestsCount	321
start	r1	S3WriteRequestAttempts	321
start	r1	DiskS3ReadMicroseconds	754328
start	r1	DiskS3ReadRequestsCount	522
start	r1	DiskS3WriteMicroseconds	3740511
start	r1	DiskS3WriteRequestsCount	321
start	r1	DiskS3WriteRequestAttempts	321
start	r1	S3DeleteObjects	7
start	r1	S3PutObject	314
start	r1	S3GetObject	522
start	r1	DiskS3DeleteObjects	7
start	r1	DiskS3PutObject	314
start	r1	DiskS3GetObject	522
start	r1	S3Clients	2
start	r2	ReplicatedPartFetches	1099
start	r2	ReplicatedPartMerges	443
start	r2	InsertedRows	2410837
start	r2	ZooKeeperInit	24
start	r2	ZooKeeperTransactions	38073
start	r2	ZooKeeperList	10187
start	r2	ZooKeeperCreate	225
start	r2	ZooKeeperRemove	2876
start	r2	ZooKeeperExists	2502
start	r2	ZooKeeperGet	10966
start	r2	ZooKeeperSet	47
start	r2	ZooKeeperMulti	11254
start	r2	ZooKeeperMultiRead	3122
start	r2	ZooKeeperMultiWrite	8132
start	r2	ZooKeeperSync	16
start	r2	ZooKeeperClose	23
start	r2	ZooKeeperWatchResponse	2118
start	r2	ZooKeeperWatchCallbackDurationMicroseconds	68733
start	r2	ZooKeeperWatchTriggeredOther	3
start	r2	ZooKeeperWatchTriggeredReplicatedMergeTreeLog	2127
start	r2	ZooKeeperWatchTriggeredReplicatedMergeTreeMutations	30
start	r2	ZooKeeperWatchTriggeredDistributedDDL	22
start	r2	ZooKeeperHardwareExceptions	162
start	r2	ZooKeeperOtherExceptions	14
start	r2	ZooKeeperWaitMicroseconds	608712080
start	r2	ZooKeeperBytesSent	7476831
start	r2	ZooKeeperBytesReceived	52522100
start	r2	MergedRows	665349118
start	r2	UserTimeMicroseconds	73311392
start	r2	SystemTimeMicroseconds	11449732
start	r2	OSCPUVirtualTimeMicroseconds	84772823
start	r2	S3ReadMicroseconds	774507
start	r2	S3ReadRequestsCount	581
start	r2	S3WriteMicroseconds	1255786
start	r2	S3WriteRequestsCount	322
start	r2	S3WriteRequestAttempts	322
start	r2	DiskS3ReadMicroseconds	774507
start	r2	DiskS3ReadRequestsCount	581
start	r2	DiskS3WriteMicroseconds	1255786
start	r2	DiskS3WriteRequestsCount	322
start	r2	DiskS3WriteRequestAttempts	322
start	r2	S3DeleteObjects	8
start	r2	S3PutObject	314
start	r2	S3GetObject	581
start	r2	DiskS3DeleteObjects	8
start	r2	DiskS3PutObject	314
start	r2	DiskS3GetObject	581
start	r2	S3Clients	2
end	r1	ReplicatedPartFetches	3069
end	r1	ReplicatedPartMerges	1729
end	r1	InsertedRows	4162035
end	r1	ZooKeeperInit	47
end	r1	ZooKeeperTransactions	144407
end	r1	ZooKeeperList	38317
end	r1	ZooKeeperCreate	296
end	r1	ZooKeeperRemove	8983
end	r1	ZooKeeperExists	7617
end	r1	ZooKeeperGet	41968
end	r1	ZooKeeperSet	74
end	r1	ZooKeeperMulti	47132
end	r1	ZooKeeperMultiRead	11548
end	r1	ZooKeeperMultiWrite	35584
end	r1	ZooKeeperSync	20
end	r1	ZooKeeperClose	46
end	r1	ZooKeeperWatchResponse	8398
end	r1	ZooKeeperWatchCallbackDurationMicroseconds	854641
end	r1	ZooKeeperWatchTriggeredOther	28
end	r1	ZooKeeperWatchTriggeredReplicatedMergeTreeLog	8445
end	r1	ZooKeeperWatchTriggeredReplicatedMergeTreeMutations	103
end	r1	ZooKeeperWatchTriggeredDistributedDDL	40
end	r1	ZooKeeperHardwareExceptions	474
end	r1	ZooKeeperOtherExceptions	2
end	r1	ZooKeeperWaitMicroseconds	1946220373
end	r1	ZooKeeperBytesSent	28672479
end	r1	ZooKeeperBytesReceived	94213504
end	r1	MergedRows	735587135
end	r1	UserTimeMicroseconds	255583112
end	r1	SystemTimeMicroseconds	146738488
end	r1	OSCPUVirtualTimeMicroseconds	402295247
end	r1	S3ReadMicroseconds	88456338
end	r1	S3ReadRequestsCount	30689
end	r1	S3WriteMicroseconds	357565863
end	r1	S3WriteRequestsCount	1703
end	r1	S3WriteRequestsErrors	169
end	r1	S3WriteRequestAttempts	1534
end	r1	DiskS3ReadMicroseconds	8565528
end	r1	DiskS3ReadRequestsCount	3579
end	r1	DiskS3WriteMicroseconds	357565863
end	r1	DiskS3WriteRequestsCount	1703
end	r1	DiskS3WriteRequestsErrors	169
end	r1	DiskS3WriteRequestAttempts	1534
end	r1	S3DeleteObjects	7
end	r1	S3HeadObject	13555
end	r1	S3PutObject	1527
end	r1	S3GetObject	17134
end	r1	DiskS3DeleteObjects	7
end	r1	DiskS3PutObject	1527
end	r1	DiskS3GetObject	3579
end	r1	S3Clients	2862
end	r2	ReplicatedPartFetches	32
end	r2	ReplicatedPartMerges	4
end	r2	InsertedRows	17909
end	r2	ZooKeeperInit	1
end	r2	ZooKeeperTransactions	1942
end	r2	ZooKeeperList	375
end	r2	ZooKeeperCreate	105
end	r2	ZooKeeperRemove	216
end	r2	ZooKeeperExists	300
end	r2	ZooKeeperGet	336
end	r2	ZooKeeperSet	1
end	r2	ZooKeeperMulti	609
end	r2	ZooKeeperMultiRead	100
end	r2	ZooKeeperMultiWrite	509
end	r2	ZooKeeperWatchResponse	17
end	r2	ZooKeeperWatchCallbackDurationMicroseconds	580
end	r2	ZooKeeperWatchTriggeredReplicatedMergeTreeLog	17
end	r2	ZooKeeperWaitMicroseconds	22301977
end	r2	ZooKeeperBytesSent	1098455
end	r2	ZooKeeperBytesReceived	1453723
end	r2	MergedRows	370238
end	r2	UserTimeMicroseconds	709632
end	r2	SystemTimeMicroseconds	210691
end	r2	OSCPUVirtualTimeMicroseconds	920286
end	r2	S3ReadMicroseconds	3523398
end	r2	S3ReadRequestsCount	668
end	r2	S3WriteMicroseconds	28970674
end	r2	S3WriteRequestsCount	1374
end	r2	S3WriteRequestsErrors	1
end	r2	S3WriteRequestAttempts	1373
end	r2	DiskS3ReadMicroseconds	3523398
end	r2	DiskS3ReadRequestsCount	668
end	r2	DiskS3WriteMicroseconds	28970674
end	r2	DiskS3WriteRequestsCount	1374
end	r2	DiskS3WriteRequestsErrors	1
end	r2	DiskS3WriteRequestAttempts	1373
end	r2	S3DeleteObjects	14
end	r2	S3PutObject	1359
end	r2	S3GetObject	668
end	r2	DiskS3DeleteObjects	14
end	r2	DiskS3PutObject	1359
end	r2	DiskS3GetObject	668
end	r2	S3Clients	2
